feature,N,u,n,median,q1,q3,iqr,mean,std,se
amp_a0,3,0,27,2.0141253272789,0.936192122511469,3.07978485270215,2.14359273019068,1.95068937001882,1.19235404779325,0.229468643487591
amp_a0,3,1,19,0.201644897016242,0.163937761619697,0.329641796887587,0.16570403526789,0.265929841038174,0.224215195857737,0.0514384937026345
amp_a0,4,0,28,2.05803922608452,0.996906827931915,2.81739171039408,1.82048488246217,1.79702817333878,1.14547633771979,0.2164746801654
amp_a0,4,1,21,0.2113653179263,0.142459356670917,0.252495198318923,0.110035841648006,0.218903146605411,0.10907387794062,0.0238018715240602
amp_a0,5,0,23,0.796211725523474,0.423778358646221,1.76074951782459,1.33697115917837,1.11763381464791,0.905600325662328,0.188830721275376
amp_a0,5,1,20,0.377954445085615,0.121972892650093,0.724038462168417,0.602065569518324,0.470940130630937,0.375450850396655,0.0839533623697025
amp_a0,6,0,21,1.19013411616094,0.889480092444924,1.74524169444593,0.855761602001006,1.32705096372058,0.57091466157072,0.124583792952758
amp_a0,6,1,21,0.17919118790403,0.103738521808885,0.244218218386864,0.140479696577979,0.192653759263361,0.0944407208084178,0.0206086548471793
amp_a1,3,0,27,2.66770263296197,1.22813247894801,3.8135041191153,2.5853716401673,2.46846859258623,1.38210450237023,0.265986135497216
amp_a1,3,1,19,0.307019996160575,0.23390392727252,0.455670686529202,0.221766759256682,0.457443745447227,0.584735822667618,0.134147597877698
amp_a1,4,0,28,1.8655689377257,1.09187036724902,3.16135562534463,2.06948525809561,2.03537832771667,1.17253339207458,0.221587982810595
amp_a1,4,1,21,0.261383188843312,0.200446256953912,0.316281509722597,0.115835252768685,0.285645213003096,0.170043015429872,0.037106428076473
amp_a1,5,0,23,1.82277433693791,1.34803399639325,2.89183596856316,1.54380197216991,2.04490674086254,0.907217791888793,0.189167986297845
amp_a1,5,1,20,0.476130928809373,0.243390556225624,0.930612530191721,0.687221973966097,0.608517764546797,0.410514844460532,0.0917939097986503
amp_a1,6,0,21,0.889880111998589,0.6884506665537,1.46948476229234,0.781034095738638,1.10522591981989,0.614226989801461,0.134035317840479
amp_a1,6,1,21,0.281715484518986,0.19764907345166,0.509877125865979,0.31222805241432,0.338159320953138,0.188924114051423,0.0412266215830055
