time_pc_sec_abs,micros32,micros32_raw,time_local_sec,a0,a1,a2,agent_id,chunk_id
1749545776.6413908,7624332,1951828992,1951.828992,170,200,87,5,20250610_175626
1749545776.6513748,7624371,1951838976,1951.838976,174,200,86,5,20250610_175626
1749545776.6613588,7624410,1951848960,1951.84896,178,200,86,5,20250610_175626
1749545776.6713428,7624449,1951858944,1951.858944,134,200,86,5,20250610_175626
1749545776.681583,7624489,1951869184,1951.869184,138,200,86,5,20250610_175626
1749545776.691567,7624528,1951879168,1951.879168,142,200,86,5,20250610_175626
1749545776.701551,7624567,1951889152,1951.889152,146,200,86,5,20250610_175626
1749545776.711535,7624606,1951899136,1951.899136,150,201,86,5,20250610_175626
1749545776.721519,7624645,1951909120,1951.90912,154,200,85,5,20250610_175626
1749545776.731503,7624684,1951919104,1951.919104,157,200,85,5,20250610_175626
1749545776.741487,7624723,1951929088,1951.929088,161,200,85,5,20250610_175626
1749545776.7514708,7624762,1951939072,1951.939072,165,200,85,5,20250610_175626
1749545776.7614548,7624801,1951949056,1951.949056,169,200,87,5,20250610_175626
1749545776.7714388,7624840,1951959040,1951.95904,173,200,86,5,20250610_175626
1749545776.7814229,7624879,1951969024,1951.969024,177,199,86,5,20250610_175626
1749545776.7914069,7624918,1951979008,1951.979008,180,200,86,5,20250610_175626
1749545776.801391,7624957,1951988992,1951.988992,184,200,85,5,20250610_175626
1749545776.811375,7624996,1951998976,1951.998976,188,201,84,5,20250610_175626
1749545776.821615,7625036,1952009216,1952.009216,192,200,83,5,20250610_175626
1749545776.831599,7625075,1952019200,1952.0192,196,201,84,5,20250610_175626
1749545776.841583,7625114,1952029184,1952.029184,199,200,84,5,20250610_175626
1749545776.8515668,7625153,1952039168,1952.039168,203,201,85,5,20250610_175626
1749545776.8615508,7625192,1952049152,1952.049152,207,200,85,5,20250610_175626
1749545776.8715348,7625231,1952059136,1952.059136,211,201,85,5,20250610_175626
1749545776.8815188,7625270,1952069120,1952.06912,215,200,85,5,20250610_175626
1749545776.8915029,7625309,1952079104,1952.079104,219,200,85,5,20250610_175626
1749545776.9014869,7625348,1952089088,1952.089088,222,199,85,5,20250610_175626
1749545776.911471,7625387,1952099072,1952.099072,226,200,85,5,20250610_175626
1749545776.921455,7625426,1952109056,1952.109056,230,200,85,5,20250610_175626
1749545776.931439,7625465,1952119040,1952.11904,234,201,86,5,20250610_175626
1749545776.941423,7625504,1952129024,1952.129024,238,200,85,5,20250610_175626
1749545776.951407,7625543,1952139008,1952.139008,242,201,86,5,20250610_175626
1749545776.9616468,7625583,1952149248,1952.149248,245,201,86,5,20250610_175626
1749545776.9716308,7625622,1952159232,1952.159232,249,201,86,5,20250610_175626
1749545776.9816148,7625661,1952169216,1952.169216,253,201,86,5,20250610_175626
1749545776.9915988,7625700,1952179200,1952.1792,2,201,86,5,20250610_175626
1749545777.0015829,7625739,1952189184,1952.189184,6,201,86,5,20250610_175626
1749545777.0115669,7625778,1952199168,1952.199168,9,201,86,5,20250610_175626
1749545777.021551,7625817,1952209152,1952.209152,13,201,86,5,20250610_175626
1749545777.031535,7625856,1952219136,1952.219136,17,201,86,5,20250610_175626
1749545777.041519,7625895,1952229120,1952.22912,21,201,85,5,20250610_175626
1749545777.051503,7625934,1952239104,1952.239104,25,201,86,5,20250610_175626
1749545777.061487,7625973,1952249088,1952.249088,29,200,86,5,20250610_175626
1749545777.071471,7626012,1952259072,1952.259072,32,201,85,5,20250610_175626
1749545777.081455,7626051,1952269056,1952.269056,36,201,86,5,20250610_175626
1749545777.091439,7626090,1952279040,1952.27904,40,201,86,5,20250610_175626
1749545777.101423,7626129,1952289024,1952.289024,44,200,86,5,20250610_175626
1749545777.1116629,7626169,1952299264,1952.299264,48,200,86,5,20250610_175626
1749545777.121647,7626208,1952309248,1952.309248,52,199,86,5,20250610_175626
1749545777.131631,7626247,1952319232,1952.319232,55,200,86,5,20250610_175626
1749545777.141615,7626286,1952329216,1952.329216,59,200,86,5,20250610_175626
1749545777.151599,7626325,1952339200,1952.3392,63,201,86,5,20250610_175626
1749545777.161583,7626364,1952349184,1952.349184,67,200,86,5,20250610_175626
1749545777.171567,7626403,1952359168,1952.359168,71,201,86,5,20250610_175626
1749545777.181551,7626442,1952369152,1952.369152,74,201,86,5,20250610_175626
1749545777.191535,7626481,1952379136,1952.379136,78,201,86,5,20250610_175626
1749545777.201519,7626520,1952389120,1952.38912,82,201,86,5,20250610_175626
1749545777.211503,7626559,1952399104,1952.399104,86,200,86,5,20250610_175626
1749545777.2214868,7626598,1952409088,1952.409088,90,200,85,5,20250610_175626
1749545777.2314708,7626637,1952419072,1952.419072,94,201,86,5,20250610_175626
1749545777.2414548,7626676,1952429056,1952.429056,97,198,85,5,20250610_175626
1749545777.251695,7626716,1952439296,1952.439296,101,198,86,5,20250610_175626
1749545777.261679,7626755,1952449280,1952.44928,105,200,86,5,20250610_175626
1749545777.271663,7626794,1952459264,1952.459264,109,201,86,5,20250610_175626
1749545777.281647,7626833,1952469248,1952.469248,113,200,86,5,20250610_175626
1749545777.291631,7626872,1952479232,1952.479232,117,201,86,5,20250610_175626
1749545777.301615,7626911,1952489216,1952.489216,120,201,86,5,20250610_175626
1749545777.311599,7626950,1952499200,1952.4992,124,201,86,5,20250610_175626
1749545777.3215828,7626989,1952509184,1952.509184,128,201,85,5,20250610_175626
1749545777.3315668,7627028,1952519168,1952.519168,132,201,84,5,20250610_175626
1749545777.3415508,7627067,1952529152,1952.529152,136,201,84,5,20250610_175626
1749545777.3515348,7627106,1952539136,1952.539136,139,201,84,5,20250610_175626
1749545777.3615189,7627145,1952549120,1952.54912,143,201,84,5,20250610_175626
1749545777.3715029,7627184,1952559104,1952.559104,147,201,85,5,20250610_175626
1749545777.381487,7627223,1952569088,1952.569088,151,201,86,5,20250610_175626
1749545777.391471,7627262,1952579072,1952.579072,155,201,88,5,20250610_175626
1749545777.401711,7627302,1952589312,1952.589312,159,201,91,5,20250610_175626
1749545777.411695,7627341,1952599296,1952.599296,162,201,94,5,20250610_175626
1749545777.421679,7627380,1952609280,1952.60928,166,201,101,5,20250610_175626
1749545777.4316628,7627419,1952619264,1952.619264,170,201,111,5,20250610_175626
1749545777.4416468,7627458,1952629248,1952.629248,174,198,127,5,20250610_175626
1749545777.4516308,7627497,1952639232,1952.639232,178,197,140,5,20250610_175626
1749545777.4616148,7627536,1952649216,1952.649216,182,200,143,5,20250610_175626
1749545777.4715989,7627575,1952659200,1952.6592,185,201,144,5,20250610_175626
1749545777.4815829,7627614,1952669184,1952.669184,189,201,144,5,20250610_175626
1749545777.491567,7627653,1952679168,1952.679168,193,201,146,5,20250610_175626
1749545777.501551,7627692,1952689152,1952.689152,197,201,148,5,20250610_175626
1749545777.511535,7627731,1952699136,1952.699136,201,201,149,5,20250610_175626
1749545777.521519,7627770,1952709120,1952.70912,204,200,149,5,20250610_175626
1749545777.531503,7627809,1952719104,1952.719104,208,200,150,5,20250610_175626
1749545777.5417428,7627849,1952729344,1952.729344,212,201,151,5,20250610_175626
1749545777.5517268,7627888,1952739328,1952.739328,216,200,151,5,20250610_175626
1749545777.5617108,7627927,1952749312,1952.749312,220,197,151,5,20250610_175626
1749545777.5716949,7627966,1952759296,1952.759296,224,198,151,5,20250610_175626
1749545777.5816789,7628005,1952769280,1952.76928,227,200,150,5,20250610_175626
1749545777.591663,7628044,1952779264,1952.779264,231,201,150,5,20250610_175626
1749545777.601647,7628083,1952789248,1952.789248,235,201,150,5,20250610_175626
1749545777.611631,7628122,1952799232,1952.799232,239,201,149,5,20250610_175626
1749545777.621615,7628161,1952809216,1952.809216,243,201,149,5,20250610_175626
1749545777.631599,7628200,1952819200,1952.8192,247,201,148,5,20250610_175626
1749545777.641583,7628239,1952829184,1952.829184,250,201,147,5,20250610_175626
1749545777.651567,7628278,1952839168,1952.839168,254,201,147,5,20250610_175626
1749545777.661551,7628317,1952849152,1952.849152,3,201,143,5,20250610_175626
1749545777.671535,7628356,1952859136,1952.859136,7,201,140,5,20250610_175626
1749545777.6815188,7628395,1952869120,1952.86912,11,201,136,5,20250610_175626
1749545777.6917589,7628435,1952879360,1952.87936,14,201,127,5,20250610_175626
1749545777.701743,7628474,1952889344,1952.889344,18,201,124,5,20250610_175626
1749545777.711727,7628513,1952899328,1952.899328,22,201,117,5,20250610_175626
1749545777.721711,7628552,1952909312,1952.909312,26,201,111,5,20250610_175626
1749545777.731695,7628591,1952919296,1952.919296,30,201,107,5,20250610_175626
1749545777.741679,7628630,1952929280,1952.92928,34,201,101,5,20250610_175626
1749545777.751663,7628669,1952939264,1952.939264,37,201,95,5,20250610_175626
1749545777.761647,7628708,1952949248,1952.949248,41,201,91,5,20250610_175626
1749545777.771631,7628747,1952959232,1952.959232,45,201,86,5,20250610_175626
1749545777.781615,7628786,1952969216,1952.969216,49,201,83,5,20250610_175626
1749545777.7915988,7628825,1952979200,1952.9792,53,201,82,5,20250610_175626
1749545777.8015828,7628864,1952989184,1952.989184,57,201,82,5,20250610_175626
1749545777.8115668,7628903,1952999168,1952.999168,60,201,83,5,20250610_175626
1749545777.8215508,7628942,1953009152,1953.009152,64,201,82,5,20250610_175626
1749545777.831791,7628982,1953019392,1953.019392,68,201,82,5,20250610_175626
1749545777.841775,7629021,1953029376,1953.029376,72,201,82,5,20250610_175626
1749545777.851759,7629060,1953039360,1953.03936,76,201,82,5,20250610_175626
1749545777.861743,7629099,1953049344,1953.049344,79,201,83,5,20250610_175626
1749545777.871727,7629138,1953059328,1953.059328,83,200,82,5,20250610_175626
1749545777.881711,7629177,1953069312,1953.069312,87,198,83,5,20250610_175626
1749545777.891695,7629216,1953079296,1953.079296,91,201,83,5,20250610_175626
1749545777.9016788,7629255,1953089280,1953.08928,95,201,83,5,20250610_175626
1749545777.9116628,7629294,1953099264,1953.099264,99,201,83,5,20250610_175626
1749545777.9216468,7629333,1953109248,1953.109248,102,201,82,5,20250610_175626
1749545777.9316308,7629372,1953119232,1953.119232,106,201,83,5,20250610_175626
1749545777.9416149,7629411,1953129216,1953.129216,110,201,83,5,20250610_175626
1749545777.951599,7629450,1953139200,1953.1392,114,201,83,5,20250610_175626
1749545777.961583,7629489,1953149184,1953.149184,118,201,83,5,20250610_175626
1749545777.971567,7629528,1953159168,1953.159168,122,201,83,5,20250610_175626
1749545777.981807,7629568,1953169408,1953.169408,125,201,83,5,20250610_175626
1749545777.991791,7629607,1953179392,1953.179392,129,201,84,5,20250610_175626
1749545778.001775,7629646,1953189376,1953.189376,133,201,84,5,20250610_175626
1749545778.0117588,7629685,1953199360,1953.19936,137,201,85,5,20250610_175626
1749545778.0217428,7629724,1953209344,1953.209344,141,201,85,5,20250610_175626
1749545778.0317268,7629763,1953219328,1953.219328,144,201,84,5,20250610_175626
1749545778.0417109,7629802,1953229312,1953.229312,148,201,88,5,20250610_175626
1749545778.0516949,7629841,1953239296,1953.239296,152,201,90,5,20250610_175626
1749545778.061679,7629880,1953249280,1953.24928,156,201,93,5,20250610_175626
1749545778.071663,7629919,1953259264,1953.259264,160,201,98,5,20250610_175626
1749545778.081647,7629958,1953269248,1953.269248,164,201,105,5,20250610_175626
1749545778.091631,7629997,1953279232,1953.279232,167,200,117,5,20250610_175626
1749545778.101615,7630036,1953289216,1953.289216,171,197,129,5,20250610_175626
1749545778.111599,7630075,1953299200,1953.2992,175,197,143,5,20250610_175626
1749545778.1218388,7630115,1953309440,1953.30944,179,198,145,5,20250610_175626
1749545778.1318228,7630154,1953319424,1953.319424,183,201,145,5,20250610_175626
1749545778.1418068,7630193,1953329408,1953.329408,187,200,147,5,20250610_175626
1749545778.1517909,7630232,1953339392,1953.339392,190,201,149,5,20250610_175626
1749545778.1617749,7630271,1953349376,1953.349376,194,200,151,5,20250610_175626
1749545778.171759,7630310,1953359360,1953.35936,198,200,151,5,20250610_175626
1749545778.181743,7630349,1953369344,1953.369344,202,200,152,5,20250610_175626
1749545778.191727,7630388,1953379328,1953.379328,206,200,152,5,20250610_175626
1749545778.201711,7630427,1953389312,1953.389312,209,200,154,5,20250610_175626
1749545778.211695,7630466,1953399296,1953.399296,213,200,153,5,20250610_175626
1749545778.221679,7630505,1953409280,1953.40928,217,200,153,5,20250610_175626
1749545778.231663,7630544,1953419264,1953.419264,221,200,153,5,20250610_175626
1749545778.241647,7630583,1953429248,1953.429248,225,195,153,5,20250610_175626
1749545778.251631,7630622,1953439232,1953.439232,229,193,153,5,20250610_175626
1749545778.2618709,7630662,1953449472,1953.449472,232,198,152,5,20250610_175626
1749545778.2718549,7630701,1953459456,1953.459456,236,201,152,5,20250610_175626
1749545778.281839,7630740,1953469440,1953.46944,240,201,151,5,20250610_175626
1749545778.291823,7630779,1953479424,1953.479424,244,201,152,5,20250610_175626
1749545778.301807,7630818,1953489408,1953.489408,248,200,152,5,20250610_175626
1749545778.311791,7630857,1953499392,1953.499392,252,201,151,5,20250610_175626
1749545778.321775,7630896,1953509376,1953.509376,0,200,150,5,20250610_175626
1749545778.331759,7630935,1953519360,1953.51936,4,201,150,5,20250610_175626
1749545778.341743,7630974,1953529344,1953.529344,8,200,148,5,20250610_175626
1749545778.351727,7631013,1953539328,1953.539328,12,201,146,5,20250610_175626
1749545778.361711,7631052,1953549312,1953.549312,16,200,144,5,20250610_175626
1749545778.3716948,7631091,1953559296,1953.559296,19,201,139,5,20250610_175626
1749545778.3816788,7631130,1953569280,1953.56928,23,201,133,5,20250610_175626
1749545778.3916628,7631169,1953579264,1953.579264,27,201,129,5,20250610_175626
1749545778.4016469,7631208,1953589248,1953.589248,31,200,126,5,20250610_175626
1749545778.411887,7631248,1953599488,1953.599488,35,201,120,5,20250610_175626
1749545778.421871,7631287,1953609472,1953.609472,39,200,115,5,20250610_175626
1749545778.431855,7631326,1953619456,1953.619456,42,201,109,5,20250610_175626
1749545778.441839,7631365,1953629440,1953.62944,46,200,105,5,20250610_175626
1749545778.451823,7631404,1953639424,1953.639424,50,201,100,5,20250610_175626
1749545778.461807,7631443,1953649408,1953.649408,54,200,97,5,20250610_175626
1749545778.471791,7631482,1953659392,1953.659392,58,200,92,5,20250610_175626
1749545778.4817748,7631521,1953669376,1953.669376,62,199,90,5,20250610_175626
1749545778.4917588,7631560,1953679360,1953.67936,65,193,86,5,20250610_175626
1749545778.5017428,7631599,1953689344,1953.689344,69,193,85,5,20250610_175626
1749545778.5117269,7631638,1953699328,1953.699328,73,200,83,5,20250610_175626
1749545778.5217109,7631677,1953709312,1953.709312,77,200,83,5,20250610_175626
1749545778.531695,7631716,1953719296,1953.719296,81,201,83,5,20250610_175626
1749545778.541679,7631755,1953729280,1953.72928,84,200,83,5,20250610_175626
1749545778.551919,7631795,1953739520,1953.73952,88,201,83,5,20250610_175626
1749545778.561903,7631834,1953749504,1953.749504,92,200,83,5,20250610_175626
1749545778.571887,7631873,1953759488,1953.759488,96,201,83,5,20250610_175626
1749545778.5818708,7631912,1953769472,1953.769472,100,201,84,5,20250610_175626
1749545778.5918548,7631951,1953779456,1953.779456,104,201,83,5,20250610_175626
1749545778.6018388,7631990,1953789440,1953.78944,107,200,83,5,20250610_175626
1749545778.6118228,7632029,1953799424,1953.799424,111,201,84,5,20250610_175626
1749545778.6218069,7632068,1953809408,1953.809408,115,200,84,5,20250610_175626
1749545778.6317909,7632107,1953819392,1953.819392,119,201,84,5,20250610_175626
1749545778.641775,7632146,1953829376,1953.829376,123,200,85,5,20250610_175626
1749545778.651759,7632185,1953839360,1953.83936,127,200,86,5,20250610_175626
1749545778.661743,7632224,1953849344,1953.849344,130,200,87,5,20250610_175626
1749545778.671727,7632263,1953859328,1953.859328,134,200,89,5,20250610_175626
1749545778.681711,7632302,1953869312,1953.869312,138,197,91,5,20250610_175626
1749545778.691695,7632341,1953879296,1953.879296,142,190,97,5,20250610_175626
1749545778.7019348,7632381,1953889536,1953.889536,146,190,104,5,20250610_175626
1749545778.7119188,7632420,1953899520,1953.89952,149,193,119,5,20250610_175626
1749545778.7219028,7632459,1953909504,1953.909504,153,200,137,5,20250610_175626
1749545778.7318869,7632498,1953919488,1953.919488,157,200,145,5,20250610_175626
1749545778.7418709,7632537,1953929472,1953.929472,161,200,144,5,20250610_175626
1749545778.751855,7632576,1953939456,1953.939456,165,200,145,5,20250610_175626
1749545778.761839,7632615,1953949440,1953.94944,169,200,148,5,20250610_175626
1749545778.771823,7632654,1953959424,1953.959424,172,201,150,5,20250610_175626
1749545778.781807,7632693,1953969408,1953.969408,176,200,150,5,20250610_175626
1749545778.791791,7632732,1953979392,1953.979392,180,201,152,5,20250610_175626
1749545778.801775,7632771,1953989376,1953.989376,184,200,152,5,20250610_175626
1749545778.811759,7632810,1953999360,1953.99936,188,200,153,5,20250610_175626
1749545778.821743,7632849,1954009344,1954.009344,192,196,153,5,20250610_175626
1749545778.831727,7632888,1954019328,1954.019328,195,191,154,5,20250610_175626
1749545778.8417108,7632927,1954029312,1954.029312,199,199,154,5,20250610_175626
1749545778.851951,7632967,1954039552,1954.039552,203,201,154,5,20250610_175626
1749545778.861935,7633006,1954049536,1954.049536,207,200,154,5,20250610_175626
1749545778.871919,7633045,1954059520,1954.05952,211,201,155,5,20250610_175626
1749545778.881903,7633084,1954069504,1954.069504,214,201,154,5,20250610_175626
1749545778.891887,7633123,1954079488,1954.079488,218,201,155,5,20250610_175626
1749545778.901871,7633162,1954089472,1954.089472,222,200,155,5,20250610_175626
1749545778.911855,7633201,1954099456,1954.099456,226,200,156,5,20250610_175626
1749545778.921839,7633240,1954109440,1954.10944,230,200,155,5,20250610_175626
1749545778.931823,7633279,1954119424,1954.119424,234,197,156,5,20250610_175626
1749545778.9418068,7633318,1954129408,1954.129408,237,193,155,5,20250610_175626
1749545778.9517908,7633357,1954139392,1954.139392,241,198,155,5,20250610_175626
1749545778.9617748,7633396,1954149376,1954.149376,245,200,155,5,20250610_175626
1749545778.9717588,7633435,1954159360,1954.15936,249,201,155,5,20250610_175626
1749545778.9817429,7633474,1954169344,1954.169344,253,200,153,5,20250610_175626
1749545778.991983,7633514,1954179584,1954.179584,2,201,152,5,20250610_175626
1749545779.001967,7633553,1954189568,1954.189568,5,201,151,5,20250610_175626
1749545779.011951,7633592,1954199552,1954.199552,9,201,150,5,20250610_175626
1749545779.021935,7633631,1954209536,1954.209536,13,201,150,5,20250610_175626
1749545779.031919,7633670,1954219520,1954.21952,17,201,149,5,20250610_175626
1749545779.041903,7633709,1954229504,1954.229504,21,201,147,5,20250610_175626
1749545779.0518868,7633748,1954239488,1954.239488,24,201,144,5,20250610_175626
1749545779.0618708,7633787,1954249472,1954.249472,28,201,140,5,20250610_175626
1749545779.0718548,7633826,1954259456,1954.259456,32,201,135,5,20250610_175626
1749545779.0818388,7633865,1954269440,1954.26944,36,201,131,5,20250610_175626
1749545779.0918229,7633904,1954279424,1954.279424,40,201,127,5,20250610_175626
1749545779.1018069,7633943,1954289408,1954.289408,44,201,124,5,20250610_175626
1749545779.111791,7633982,1954299392,1954.299392,47,201,119,5,20250610_175626
1749545779.121775,7634021,1954309376,1954.309376,51,201,116,5,20250610_175626
1749545779.131759,7634060,1954319360,1954.31936,55,201,111,5,20250610_175626
1749545779.141999,7634100,1954329600,1954.3296,59,201,107,5,20250610_175626
1749545779.151983,7634139,1954339584,1954.339584,63,201,104,5,20250610_175626
1749545779.1619668,7634178,1954349568,1954.349568,67,200,101,5,20250610_175626
1749545779.1719508,7634217,1954359552,1954.359552,70,197,98,5,20250610_175626
1749545779.1819348,7634256,1954369536,1954.369536,74,196,97,5,20250610_175626
1749545779.1919188,7634295,1954379520,1954.37952,78,199,94,5,20250610_175626
1749545779.2019029,7634334,1954389504,1954.389504,82,201,92,5,20250610_175626
1749545779.211887,7634373,1954399488,1954.399488,86,201,91,5,20250610_175626
1749545779.221871,7634412,1954409472,1954.409472,89,201,90,5,20250610_175626
1749545779.231855,7634451,1954419456,1954.419456,93,201,90,5,20250610_175626
1749545779.241839,7634490,1954429440,1954.42944,97,201,90,5,20250610_175626
1749545779.251823,7634529,1954439424,1954.439424,101,201,89,5,20250610_175626
1749545779.261807,7634568,1954449408,1954.449408,105,201,90,5,20250610_175626
1749545779.271791,7634607,1954459392,1954.459392,109,201,90,5,20250610_175626
1749545779.2820308,7634647,1954469632,1954.469632,112,201,92,5,20250610_175626
1749545779.2920148,7634686,1954479616,1954.479616,116,201,91,5,20250610_175626
1749545779.3019989,7634725,1954489600,1954.4896,120,201,92,5,20250610_175626
1749545779.3119829,7634764,1954499584,1954.499584,124,201,95,5,20250610_175626
1749545779.321967,7634803,1954509568,1954.509568,128,201,96,5,20250610_175626
1749545779.331951,7634842,1954519552,1954.519552,132,201,99,5,20250610_175626
1749545779.341935,7634881,1954529536,1954.529536,135,201,105,5,20250610_175626
1749545779.351919,7634920,1954539520,1954.53952,139,201,112,5,20250610_175626
1749545779.361903,7634959,1954549504,1954.549504,143,197,124,5,20250610_175626
1749545779.371887,7634998,1954559488,1954.559488,147,196,137,5,20250610_175626
1749545779.381871,7635037,1954569472,1954.569472,151,197,146,5,20250610_175626
1749545779.391855,7635076,1954579456,1954.579456,154,199,148,5,20250610_175626
1749545779.401839,7635115,1954589440,1954.58944,158,201,149,5,20250610_175626
1749545779.4118228,7635154,1954599424,1954.599424,162,201,151,5,20250610_175626
1749545779.4218068,7635193,1954609408,1954.609408,166,199,151,5,20250610_175626
1749545779.432047,7635233,1954619648,1954.619648,170,197,150,5,20250610_175626
1749545779.442031,7635272,1954629632,1954.629632,174,197,152,5,20250610_175626
1749545779.452015,7635311,1954639616,1954.639616,177,200,153,5,20250610_175626
1749545779.461999,7635350,1954649600,1954.6496,181,201,153,5,20250610_175626
1749545779.471983,7635389,1954659584,1954.659584,185,201,154,5,20250610_175626
1749545779.481967,7635428,1954669568,1954.669568,189,201,154,5,20250610_175626
1749545779.491951,7635467,1954679552,1954.679552,193,201,154,5,20250610_175626
1749545779.501935,7635506,1954689536,1954.689536,197,201,155,5,20250610_175626
1749545779.511919,7635545,1954699520,1954.69952,200,202,155,5,20250610_175626
1749545779.5219028,7635584,1954709504,1954.709504,204,201,154,5,20250610_175626
1749545779.5318868,7635623,1954719488,1954.719488,208,201,156,5,20250610_175626
1749545779.5418708,7635662,1954729472,1954.729472,212,201,155,5,20250610_175626
1749545779.5518548,7635701,1954739456,1954.739456,216,200,155,5,20250610_175626
1749545779.5618389,7635740,1954749440,1954.74944,219,200,155,5,20250610_175626
1749545779.572079,7635780,1954759680,1954.75968,223,202,154,5,20250610_175626
1749545779.582063,7635819,1954769664,1954.769664,227,201,153,5,20250610_175626
1749545779.592047,7635858,1954779648,1954.779648,231,202,153,5,20250610_175626
1749545779.602031,7635897,1954789632,1954.789632,235,202,152,5,20250610_175626
1749545779.612015,7635936,1954799616,1954.799616,239,202,152,5,20250610_175626
1749545779.621999,7635975,1954809600,1954.8096,242,201,151,5,20250610_175626
1749545779.6319828,7636014,1954819584,1954.819584,246,203,150,5,20250610_175626
1749545779.6419668,7636053,1954829568,1954.829568,250,201,149,5,20250610_175626
1749545779.6519508,7636092,1954839552,1954.839552,254,202,146,5,20250610_175626
1749545779.6619349,7636131,1954849536,1954.849536,3,202,143,5,20250610_175626
1749545779.6719189,7636170,1954859520,1954.85952,7,202,138,5,20250610_175626
1749545779.681903,7636209,1954869504,1954.869504,10,202,134,5,20250610_175626
1749545779.691887,7636248,1954879488,1954.879488,14,202,128,5,20250610_175626
1749545779.701871,7636287,1954889472,1954.889472,18,202,123,5,20250610_175626
1749545779.711855,7636326,1954899456,1954.899456,22,202,117,5,20250610_175626
1749545779.722095,7636366,1954909696,1954.909696,26,202,111,5,20250610_175626
1749545779.732079,7636405,1954919680,1954.91968,29,202,107,5,20250610_175626
1749545779.7420628,7636444,1954929664,1954.929664,33,202,102,5,20250610_175626
1749545779.7520468,7636483,1954939648,1954.939648,37,202,97,5,20250610_175626
1749545779.7620308,7636522,1954949632,1954.949632,41,202,92,5,20250610_175626
1749545779.7720149,7636561,1954959616,1954.959616,45,202,87,5,20250610_175626
1749545779.7819989,7636600,1954969600,1954.9696,49,201,83,5,20250610_175626
1749545779.791983,7636639,1954979584,1954.979584,52,202,83,5,20250610_175626
1749545779.801967,7636678,1954989568,1954.989568,56,201,84,5,20250610_175626
1749545779.811951,7636717,1954999552,1954.999552,60,202,84,5,20250610_175626
1749545779.821935,7636756,1955009536,1955.009536,64,201,84,5,20250610_175626
1749545779.831919,7636795,1955019520,1955.01952,68,202,84,5,20250610_175626
1749545779.841903,7636834,1955029504,1955.029504,72,202,84,5,20250610_175626
1749545779.851887,7636873,1955039488,1955.039488,75,202,85,5,20250610_175626
1749545779.8621268,7636913,1955049728,1955.049728,79,201,84,5,20250610_175626
1749545779.8721108,7636952,1955059712,1955.059712,83,200,84,5,20250610_175626
1749545779.8820949,7636991,1955069696,1955.069696,87,200,85,5,20250610_175626
1749545779.8920789,7637030,1955079680,1955.07968,91,201,84,5,20250610_175626
1749545779.902063,7637069,1955089664,1955.089664,94,201,84,5,20250610_175626
1749545779.912047,7637108,1955099648,1955.099648,98,203,85,5,20250610_175626
1749545779.922031,7637147,1955109632,1955.109632,102,202,84,5,20250610_175626
1749545779.932015,7637186,1955119616,1955.119616,106,201,84,5,20250610_175626
1749545779.941999,7637225,1955129600,1955.1296,110,202,83,5,20250610_175626
1749545779.951983,7637264,1955139584,1955.139584,114,201,83,5,20250610_175626
1749545779.961967,7637303,1955149568,1955.149568,117,201,83,5,20250610_175626
1749545779.971951,7637342,1955159552,1955.159552,121,201,84,5,20250610_175626
1749545779.981935,7637381,1955169536,1955.169536,125,201,84,5,20250610_175626
1749545779.9919188,7637420,1955179520,1955.17952,129,202,86,5,20250610_175626
1749545780.0019028,7637459,1955189504,1955.189504,133,201,86,5,20250610_175626
1749545780.012143,7637499,1955199744,1955.199744,137,201,86,5,20250610_175626
1749545780.022127,7637538,1955209728,1955.209728,140,201,88,5,20250610_175626
1749545780.032111,7637577,1955219712,1955.219712,144,201,89,5,20250610_175626
1749545780.042095,7637616,1955229696,1955.229696,148,201,91,5,20250610_175626
1749545780.052079,7637655,1955239680,1955.23968,152,201,94,5,20250610_175626
1749545780.062063,7637694,1955249664,1955.249664,156,201,99,5,20250610_175626
1749545780.072047,7637733,1955259648,1955.259648,159,201,107,5,20250610_175626
1749545780.082031,7637772,1955269632,1955.269632,163,198,122,5,20250610_175626
1749545780.092015,7637811,1955279616,1955.279616,167,197,136,5,20250610_175626
1749545780.1019988,7637850,1955289600,1955.2896,171,197,145,5,20250610_175626
1749545780.1119828,7637889,1955299584,1955.299584,175,197,146,5,20250610_175626
1749545780.1219668,7637928,1955309568,1955.309568,179,198,146,5,20250610_175626
1749545780.1319509,7637967,1955319552,1955.319552,182,197,148,5,20250610_175626
1749545780.1419349,7638006,1955329536,1955.329536,186,201,150,5,20250610_175626
1749545780.152175,7638046,1955339776,1955.339776,190,201,150,5,20250610_175626
1749545780.162159,7638085,1955349760,1955.34976,194,201,151,5,20250610_175626
1749545780.172143,7638124,1955359744,1955.359744,198,201,152,5,20250610_175626
1749545780.182127,7638163,1955369728,1955.369728,202,201,152,5,20250610_175626
1749545780.192111,7638202,1955379712,1955.379712,205,201,154,5,20250610_175626
1749545780.2020948,7638241,1955389696,1955.389696,209,201,153,5,20250610_175626
1749545780.2120788,7638280,1955399680,1955.39968,213,201,153,5,20250610_175626
1749545780.2220628,7638319,1955409664,1955.409664,217,201,154,5,20250610_175626
1749545780.2320468,7638358,1955419648,1955.419648,221,201,153,5,20250610_175626
1749545780.2420309,7638397,1955429632,1955.429632,224,198,153,5,20250610_175626
1749545780.2520149,7638436,1955439616,1955.439616,228,199,153,5,20250610_175626
1749545780.261999,7638475,1955449600,1955.4496,232,201,152,5,20250610_175626
1749545780.271983,7638514,1955459584,1955.459584,236,201,152,5,20250610_175626
1749545780.281967,7638553,1955469568,1955.469568,240,201,152,5,20250610_175626
1749545780.291951,7638592,1955479552,1955.479552,244,201,151,5,20250610_175626
1749545780.302191,7638632,1955489792,1955.489792,247,201,151,5,20250610_175626
1749545780.3121748,7638671,1955499776,1955.499776,251,201,150,5,20250610_175626
1749545780.3221588,7638710,1955509760,1955.50976,0,201,150,5,20250610_175626
1749545780.3321428,7638749,1955519744,1955.519744,4,201,149,5,20250610_175626
1749545780.3421268,7638788,1955529728,1955.529728,8,201,147,5,20250610_175626
1749545780.3521109,7638827,1955539712,1955.539712,12,201,145,5,20250610_175626
1749545780.3620949,7638866,1955549696,1955.549696,15,201,141,5,20250610_175626
1749545780.372079,7638905,1955559680,1955.55968,19,201,135,5,20250610_175626
1749545780.382063,7638944,1955569664,1955.569664,23,201,130,5,20250610_175626
1749545780.392047,7638983,1955579648,1955.579648,27,201,127,5,20250610_175626
1749545780.402031,7639022,1955589632,1955.589632,31,202,125,5,20250610_175626
1749545780.412015,7639061,1955599616,1955.599616,35,202,121,5,20250610_175626
1749545780.421999,7639100,1955609600,1955.6096,38,201,116,5,20250610_175626
1749545780.431983,7639139,1955619584,1955.619584,42,201,110,5,20250610_175626
1749545780.441967,7639178,1955629568,1955.629568,46,201,105,5,20250610_175626
1749545780.4522069,7639218,1955639808,1955.639808,50,202,100,5,20250610_175626
1749545780.4621909,7639257,1955649792,1955.649792,54,201,96,5,20250610_175626
1749545780.472175,7639296,1955659776,1955.659776,57,201,92,5,20250610_175626
1749545780.482159,7639335,1955669760,1955.66976,61,201,89,5,20250610_175626
1749545780.492143,7639374,1955679744,1955.679744,65,202,85,5,20250610_175626
1749545780.502127,7639413,1955689728,1955.689728,69,201,83,5,20250610_175626
1749545780.512111,7639452,1955699712,1955.699712,73,201,84,5,20250610_175626
1749545780.522095,7639491,1955709696,1955.709696,77,199,83,5,20250610_175626
1749545780.532079,7639530,1955719680,1955.71968,80,199,83,5,20250610_175626
1749545780.542063,7639569,1955729664,1955.729664,84,201,84,5,20250610_175626
1749545780.552047,7639608,1955739648,1955.739648,88,201,83,5,20250610_175626
1749545780.5620308,7639647,1955749632,1955.749632,92,201,84,5,20250610_175626
1749545780.5722709,7639687,1955759872,1955.759872,96,201,83,5,20250610_175626
1749545780.582255,7639726,1955769856,1955.769856,100,201,83,5,20250610_175626
1749545780.592239,7639765,1955779840,1955.77984,103,202,84,5,20250610_175626
1749545780.602223,7639804,1955789824,1955.789824,107,201,84,5,20250610_175626
1749545780.612207,7639843,1955799808,1955.799808,111,201,84,5,20250610_175626
1749545780.622191,7639882,1955809792,1955.809792,115,201,84,5,20250610_175626
1749545780.632175,7639921,1955819776,1955.819776,119,201,84,5,20250610_175626
1749545780.6424148,7639961,1955830016,1955.830016,123,201,84,5,20250610_175626
1749545780.6523988,7640000,1955840000,1955.84,126,201,85,5,20250610_175626
1749545780.6623828,7640039,1955849984,1955.849984,130,201,85,5,20250610_175626
1749545780.6723669,7640078,1955859968,1955.859968,134,201,86,5,20250610_175626
1749545780.6823509,7640117,1955869952,1955.869952,138,201,86,5,20250610_175626
1749545780.692335,7640156,1955879936,1955.879936,142,201,87,5,20250610_175626
1749545780.702575,7640196,1955890176,1955.890176,146,201,88,5,20250610_175626
1749545780.712559,7640235,1955900160,1955.90016,149,201,90,5,20250610_175626
1749545780.722543,7640274,1955910144,1955.910144,153,201,92,5,20250610_175626
1749545780.732527,7640313,1955920128,1955.920128,157,201,96,5,20250610_175626
1749545780.7425108,7640352,1955930112,1955.930112,161,200,102,5,20250610_175626
1749545780.7524948,7640391,1955940096,1955.940096,165,201,113,5,20250610_175626
1749545780.7624788,7640430,1955950080,1955.95008,168,194,127,5,20250610_175626
1749545780.772719,7640470,1955960320,1955.96032,172,192,142,5,20250610_175626
1749545780.782703,7640509,1955970304,1955.970304,176,193,145,5,20250610_175626
1749545780.792687,7640548,1955980288,1955.980288,180,200,144,5,20250610_175626
1749545780.802671,7640587,1955990272,1955.990272,184,200,146,5,20250610_175626
1749545780.812655,7640626,1956000256,1956.000256,188,200,150,5,20250610_175626
1749545780.822639,7640665,1956010240,1956.01024,191,200,150,5,20250610_175626
1749545780.832623,7640704,1956020224,1956.020224,195,201,150,5,20250610_175626
1749545780.8428628,7640744,1956030464,1956.030464,199,200,150,5,20250610_175626
1749545780.8528469,7640783,1956040448,1956.040448,203,200,151,5,20250610_175626
1749545780.8628309,7640822,1956050432,1956.050432,207,200,151,5,20250610_175626
1749545780.872815,7640861,1956060416,1956.060416,211,200,152,5,20250610_175626
1749545780.882799,7640900,1956070400,1956.0704,214,200,153,5,20250610_175626
1749545780.892783,7640939,1956080384,1956.080384,218,200,153,5,20250610_175626
1749545780.902767,7640978,1956090368,1956.090368,222,198,153,5,20250610_175626
1749545780.912751,7641017,1956100352,1956.100352,226,192,153,5,20250610_175626
1749545780.922735,7641056,1956110336,1956.110336,230,197,153,5,20250610_175626
1749545780.932719,7641095,1956120320,1956.12032,234,200,152,5,20250610_175626
1749545780.942703,7641134,1956130304,1956.130304,237,200,152,5,20250610_175626
1749545780.952687,7641173,1956140288,1956.140288,241,200,151,5,20250610_175626
1749545780.9626708,7641212,1956150272,1956.150272,245,200,150,5,20250610_175626
1749545780.9726548,7641251,1956160256,1956.160256,249,201,150,5,20250610_175626
1749545780.982895,7641291,1956170496,1956.170496,253,200,148,5,20250610_175626
1749545780.992879,7641330,1956180480,1956.18048,2,201,148,5,20250610_175626
1749545781.002863,7641369,1956190464,1956.190464,5,200,147,5,20250610_175626
1749545781.012847,7641408,1956200448,1956.200448,9,200,146,5,20250610_175626
1749545781.022831,7641447,1956210432,1956.210432,13,200,145,5,20250610_175626
1749545781.032815,7641486,1956220416,1956.220416,17,201,142,5,20250610_175626
1749545781.042799,7641525,1956230400,1956.2304,21,200,136,5,20250610_175626
1749545781.052783,7641564,1956240384,1956.240384,24,201,132,5,20250610_175626
1749545781.062767,7641603,1956250368,1956.250368,28,200,128,5,20250610_175626
1749545781.0727508,7641642,1956260352,1956.260352,32,200,127,5,20250610_175626
1749545781.0827348,7641681,1956270336,1956.270336,36,201,123,5,20250610_175626
1749545781.0927188,7641720,1956280320,1956.28032,40,200,118,5,20250610_175626
1749545781.1027029,7641759,1956290304,1956.290304,44,200,114,5,20250610_175626
1749545781.1126869,7641798,1956300288,1956.300288,47,201,108,5,20250610_175626
1749545781.122927,7641838,1956310528,1956.310528,51,200,104,5,20250610_175626
1749545781.132911,7641877,1956320512,1956.320512,55,201,100,5,20250610_175626
1749545781.142895,7641916,1956330496,1956.330496,59,200,96,5,20250610_175626
1749545781.152879,7641955,1956340480,1956.34048,63,201,92,5,20250610_175626
1749545781.162863,7641994,1956350464,1956.350464,67,200,89,5,20250610_175626
1749545781.1728468,7642033,1956360448,1956.360448,70,200,86,5,20250610_175626
1749545781.1828308,7642072,1956370432,1956.370432,74,198,84,5,20250610_175626
1749545781.1928148,7642111,1956380416,1956.380416,78,193,83,5,20250610_175626
1749545781.2027988,7642150,1956390400,1956.3904,82,194,83,5,20250610_175626
1749545781.2127829,7642189,1956400384,1956.400384,86,200,84,5,20250610_175626
1749545781.2227669,7642228,1956410368,1956.410368,89,201,84,5,20250610_175626
1749545781.232751,7642267,1956420352,1956.420352,93,201,83,5,20250610_175626
1749545781.242735,7642306,1956430336,1956.430336,97,200,83,5,20250610_175626
1749545781.252719,7642345,1956440320,1956.44032,101,201,84,5,20250610_175626
1749545781.262703,7642384,1956450304,1956.450304,105,200,84,5,20250610_175626
1749545781.272943,7642424,1956460544,1956.460544,109,201,84,5,20250610_175626
1749545781.2829268,7642463,1956470528,1956.470528,112,200,83,5,20250610_175626
1749545781.2929108,7642502,1956480512,1956.480512,116,201,84,5,20250610_175626
1749545781.3028948,7642541,1956490496,1956.490496,120,200,84,5,20250610_175626
1749545781.3128788,7642580,1956500480,1956.50048,124,201,84,5,20250610_175626
1749545781.3228629,7642619,1956510464,1956.510464,128,200,84,5,20250610_175626
1749545781.3328469,7642658,1956520448,1956.520448,132,201,84,5,20250610_175626
1749545781.342831,7642697,1956530432,1956.530432,135,201,85,5,20250610_175626
1749545781.352815,7642736,1956540416,1956.540416,139,201,87,5,20250610_175626
1749545781.362799,7642775,1956550400,1956.5504,143,201,86,5,20250610_175626
1749545781.372783,7642814,1956560384,1956.560384,147,201,87,5,20250610_175626
1749545781.383023,7642854,1956570624,1956.570624,151,200,88,5,20250610_175626
1749545781.3930068,7642893,1956580608,1956.580608,154,201,90,5,20250610_175626
1749545781.4029908,7642932,1956590592,1956.590592,158,200,92,5,20250610_175626
1749545781.4129748,7642971,1956600576,1956.600576,162,201,96,5,20250610_175626
1749545781.4229589,7643010,1956610560,1956.61056,166,200,102,5,20250610_175626
1749545781.4329429,7643049,1956620544,1956.620544,170,201,111,5,20250610_175626
1749545781.442927,7643088,1956630528,1956.630528,174,200,126,5,20250610_175626
1749545781.453167,7643128,1956640768,1956.640768,177,199,140,5,20250610_175626
1749545781.463151,7643167,1956650752,1956.650752,181,200,145,5,20250610_175626
1749545781.473135,7643206,1956660736,1956.660736,185,201,145,5,20250610_175626
1749545781.483119,7643245,1956670720,1956.67072,189,200,147,5,20250610_175626
1749545781.493103,7643284,1956680704,1956.680704,193,200,149,5,20250610_175626
1749545781.5030868,7643323,1956690688,1956.690688,197,200,149,5,20250610_175626
1749545781.5130708,7643362,1956700672,1956.700672,200,200,149,5,20250610_175626
1749545781.5230548,7643401,1956710656,1956.710656,204,200,149,5,20250610_175626
1749545781.5330389,7643440,1956720640,1956.72064,208,200,150,5,20250610_175626
1749545781.5430229,7643479,1956730624,1956.730624,212,200,150,5,20250610_175626
1749545781.553007,7643518,1956740608,1956.740608,216,200,151,5,20250610_175626
1749545781.562991,7643557,1956750592,1956.750592,220,195,151,5,20250610_175626
1749545781.572975,7643596,1956760576,1956.760576,223,197,152,5,20250610_175626
1749545781.582959,7643635,1956770560,1956.77056,227,200,151,5,20250610_175626
1749545781.593199,7643675,1956780800,1956.7808,231,201,152,5,20250610_175626
1749545781.6031828,7643714,1956790784,1956.790784,235,201,152,5,20250610_175626
1749545781.6131668,7643753,1956800768,1956.800768,239,201,150,5,20250610_175626
1749545781.6231508,7643792,1956810752,1956.810752,242,201,147,5,20250610_175626
1749545781.6331348,7643831,1956820736,1956.820736,246,201,147,5,20250610_175626
1749545781.6431189,7643870,1956830720,1956.83072,250,201,144,5,20250610_175626
1749545781.6531029,7643909,1956840704,1956.840704,254,201,141,5,20250610_175626
1749545781.663087,7643948,1956850688,1956.850688,3,201,137,5,20250610_175626
1749545781.673071,7643987,1956860672,1956.860672,7,201,133,5,20250610_175626
1749545781.683055,7644026,1956870656,1956.870656,10,201,130,5,20250610_175626
1749545781.693039,7644065,1956880640,1956.88064,14,201,125,5,20250610_175626
1749545781.703023,7644104,1956890624,1956.890624,18,201,117,5,20250610_175626
1749545781.713007,7644143,1956900608,1956.900608,22,201,111,5,20250610_175626
1749545781.7232468,7644183,1956910848,1956.910848,26,201,104,5,20250610_175626
1749545781.7332308,7644222,1956920832,1956.920832,30,201,99,5,20250610_175626
1749545781.7432148,7644261,1956930816,1956.930816,33,201,94,5,20250610_175626
1749545781.7531989,7644300,1956940800,1956.9408,37,201,89,5,20250610_175626
1749545781.7631829,7644339,1956950784,1956.950784,41,201,85,5,20250610_175626
1749545781.773167,7644378,1956960768,1956.960768,45,201,83,5,20250610_175626
1749545781.783151,7644417,1956970752,1956.970752,49,201,83,5,20250610_175626
1749545781.793135,7644456,1956980736,1956.980736,52,201,83,5,20250610_175626
1749545781.803119,7644495,1956990720,1956.99072,56,201,83,5,20250610_175626
1749545781.813103,7644534,1957000704,1957.000704,60,201,83,5,20250610_175626
1749545781.823087,7644573,1957010688,1957.010688,64,201,84,5,20250610_175626
1749545781.833071,7644612,1957020672,1957.020672,68,201,83,5,20250610_175626
1749545781.843055,7644651,1957030656,1957.030656,72,200,83,5,20250610_175626
1749545781.853039,7644690,1957040640,1957.04064,75,201,84,5,20250610_175626
1749545781.8630228,7644729,1957050624,1957.050624,79,200,83,5,20250610_175626
1749545781.873263,7644769,1957060864,1957.060864,83,197,83,5,20250610_175626
1749545781.883247,7644808,1957070848,1957.070848,87,198,84,5,20250610_175626
1749545781.893231,7644847,1957080832,1957.080832,91,201,83,5,20250610_175626
1749545781.903215,7644886,1957090816,1957.090816,95,200,84,5,20250610_175626
1749545781.913199,7644925,1957100800,1957.1008,98,201,85,5,20250610_175626
1749545781.923183,7644964,1957110784,1957.110784,102,202,84,5,20250610_175626
1749545781.933167,7645003,1957120768,1957.120768,106,201,84,5,20250610_175626
1749545781.943151,7645042,1957130752,1957.130752,110,201,84,5,20250610_175626
1749545781.953135,7645081,1957140736,1957.140736,114,201,84,5,20250610_175626
1749545781.9631188,7645120,1957150720,1957.15072,117,201,84,5,20250610_175626
1749545781.9731028,7645159,1957160704,1957.160704,121,201,84,5,20250610_175626
1749545781.9830868,7645198,1957170688,1957.170688,125,201,84,5,20250610_175626
1749545781.9930708,7645237,1957180672,1957.180672,129,201,84,5,20250610_175626
1749545782.0030549,7645276,1957190656,1957.190656,133,201,84,5,20250610_175626
1749545782.0130389,7645315,1957200640,1957.20064,137,201,84,5,20250610_175626
1749545782.023279,7645355,1957210880,1957.21088,140,201,85,5,20250610_175626
1749545782.033263,7645394,1957220864,1957.220864,144,201,85,5,20250610_175626
1749545782.043247,7645433,1957230848,1957.230848,148,201,86,5,20250610_175626
1749545782.053231,7645472,1957240832,1957.240832,152,201,87,5,20250610_175626
1749545782.063215,7645511,1957250816,1957.250816,156,201,88,5,20250610_175626
1749545782.0731988,7645550,1957260800,1957.2608,160,201,89,5,20250610_175626
1749545782.0831828,7645589,1957270784,1957.270784,163,201,90,5,20250610_175626
1749545782.0931668,7645628,1957280768,1957.280768,167,201,94,5,20250610_175626
1749545782.1031508,7645667,1957290752,1957.290752,171,201,98,5,20250610_175626
1749545782.1131349,7645706,1957300736,1957.300736,175,201,106,5,20250610_175626
1749545782.1231189,7645745,1957310720,1957.31072,179,201,116,5,20250610_175626
1749545782.133103,7645784,1957320704,1957.320704,182,201,127,5,20250610_175626
1749545782.143087,7645823,1957330688,1957.330688,186,201,143,5,20250610_175626
1749545782.153071,7645862,1957340672,1957.340672,190,201,146,5,20250610_175626
1749545782.163311,7645902,1957350912,1957.350912,194,201,144,5,20250610_175626
1749545782.173295,7645941,1957360896,1957.360896,198,201,145,5,20250610_175626
1749545782.1832788,7645980,1957370880,1957.37088,202,200,146,5,20250610_175626
1749545782.1932628,7646019,1957380864,1957.380864,205,200,147,5,20250610_175626
1749545782.2032468,7646058,1957390848,1957.390848,209,201,150,5,20250610_175626
1749545782.2132308,7646097,1957400832,1957.400832,213,200,150,5,20250610_175626
1749545782.2232149,7646136,1957410816,1957.410816,217,197,150,5,20250610_175626
1749545782.233199,7646175,1957420800,1957.4208,221,199,150,5,20250610_175626
1749545782.243183,7646214,1957430784,1957.430784,225,201,151,5,20250610_175626
1749545782.253167,7646253,1957440768,1957.440768,228,201,150,5,20250610_175626
1749545782.263151,7646292,1957450752,1957.450752,232,201,150,5,20250610_175626
1749545782.273135,7646331,1957460736,1957.460736,236,201,150,5,20250610_175626
1749545782.283119,7646370,1957470720,1957.47072,240,201,149,5,20250610_175626
1749545782.293103,7646409,1957480704,1957.480704,244,201,149,5,20250610_175626
1749545782.3033428,7646449,1957490944,1957.490944,247,201,148,5,20250610_175626
1749545782.3133268,7646488,1957500928,1957.500928,251,201,148,5,20250610_175626
1749545782.3233109,7646527,1957510912,1957.510912,0,201,146,5,20250610_175626
1749545782.3332949,7646566,1957520896,1957.520896,4,201,140,5,20250610_175626
1749545782.343279,7646605,1957530880,1957.53088,8,201,137,5,20250610_175626
1749545782.353263,7646644,1957540864,1957.540864,12,201,131,5,20250610_175626
1749545782.363247,7646683,1957550848,1957.550848,15,201,126,5,20250610_175626
1749545782.373231,7646722,1957560832,1957.560832,19,201,118,5,20250610_175626
1749545782.383215,7646761,1957570816,1957.570816,23,201,112,5,20250610_175626
1749545782.393199,7646800,1957580800,1957.5808,27,201,107,5,20250610_175626
1749545782.403183,7646839,1957590784,1957.590784,31,201,101,5,20250610_175626
1749545782.413167,7646878,1957600768,1957.600768,35,201,95,5,20250610_175626
1749545782.423151,7646917,1957610752,1957.610752,38,201,90,5,20250610_175626
1749545782.4331348,7646956,1957620736,1957.620736,42,201,86,5,20250610_175626
1749545782.4431188,7646995,1957630720,1957.63072,46,201,83,5,20250610_175626
1749545782.453359,7647035,1957640960,1957.64096,50,201,85,5,20250610_175626
1749545782.463343,7647074,1957650944,1957.650944,54,201,84,5,20250610_175626
1749545782.473327,7647113,1957660928,1957.660928,57,201,84,5,20250610_175626
1749545782.483311,7647152,1957670912,1957.670912,61,200,83,5,20250610_175626
1749545782.493295,7647191,1957680896,1957.680896,65,201,84,5,20250610_175626
1749545782.503279,7647230,1957690880,1957.69088,69,201,84,5,20250610_175626
1749545782.513263,7647269,1957700864,1957.700864,73,201,83,5,20250610_175626
1749545782.523247,7647308,1957710848,1957.710848,77,201,84,5,20250610_175626
1749545782.533231,7647347,1957720832,1957.720832,80,200,83,5,20250610_175626
1749545782.5432148,7647386,1957730816,1957.730816,84,197,84,5,20250610_175626
1749545782.5531988,7647425,1957740800,1957.7408,88,199,83,5,20250610_175626
1749545782.5631828,7647464,1957750784,1957.750784,92,201,83,5,20250610_175626
1749545782.5731668,7647503,1957760768,1957.760768,96,201,83,5,20250610_175626
1749545782.5831509,7647542,1957770752,1957.770752,100,201,84,5,20250610_175626
1749545782.593391,7647582,1957780992,1957.780992,103,201,83,5,20250610_175626
1749545782.603375,7647621,1957790976,1957.790976,107,201,84,5,20250610_175626
1749545782.613359,7647660,1957800960,1957.80096,111,201,84,5,20250610_175626
1749545782.623343,7647699,1957810944,1957.810944,115,201,84,5,20250610_175626
1749545782.633327,7647738,1957820928,1957.820928,119,201,85,5,20250610_175626
1749545782.643311,7647777,1957830912,1957.830912,122,201,84,5,20250610_175626
1749545782.6532948,7647816,1957840896,1957.840896,126,201,85,5,20250610_175626
1749545782.6632788,7647855,1957850880,1957.85088,130,201,85,5,20250610_175626
1749545782.6732628,7647894,1957860864,1957.860864,134,201,86,5,20250610_175626
1749545782.6832469,7647933,1957870848,1957.870848,138,201,86,5,20250610_175626
1749545782.6932309,7647972,1957880832,1957.880832,142,201,86,5,20250610_175626
1749545782.703215,7648011,1957890816,1957.890816,145,201,87,5,20250610_175626
1749545782.713199,7648050,1957900800,1957.9008,149,201,88,5,20250610_175626
1749545782.723183,7648089,1957910784,1957.910784,153,201,89,5,20250610_175626
1749545782.733423,7648129,1957921024,1957.921024,157,201,91,5,20250610_175626
1749545782.743407,7648168,1957931008,1957.931008,161,201,94,5,20250610_175626
1749545782.753391,7648207,1957940992,1957.940992,165,201,100,5,20250610_175626
1749545782.7633748,7648246,1957950976,1957.950976,168,201,106,5,20250610_175626
1749545782.7733588,7648285,1957960960,1957.96096,172,201,119,5,20250610_175626
1749545782.7833428,7648324,1957970944,1957.970944,176,200,131,5,20250610_175626
1749545782.7933269,7648363,1957980928,1957.980928,180,199,144,5,20250610_175626
1749545782.8033109,7648402,1957990912,1957.990912,184,200,144,5,20250610_175626
1749545782.813295,7648441,1958000896,1958.000896,188,201,144,5,20250610_175626
1749545782.823279,7648480,1958010880,1958.01088,191,200,145,5,20250610_175626
1749545782.833263,7648519,1958020864,1958.020864,195,201,148,5,20250610_175626
1749545782.843247,7648558,1958030848,1958.030848,199,201,150,5,20250610_175626
1749545782.853231,7648597,1958040832,1958.040832,203,201,150,5,20250610_175626
1749545782.863215,7648636,1958050816,1958.050816,207,200,151,5,20250610_175626
1749545782.8734548,7648676,1958061056,1958.061056,210,201,152,5,20250610_175626
1749545782.8834388,7648715,1958071040,1958.07104,214,201,152,5,20250610_175626
1749545782.8934228,7648754,1958081024,1958.081024,218,200,152,5,20250610_175626
1749545782.9034069,7648793,1958091008,1958.091008,222,195,152,5,20250610_175626
1749545782.9133909,7648832,1958100992,1958.100992,226,197,152,5,20250610_175626
1749545782.923375,7648871,1958110976,1958.110976,230,201,152,5,20250610_175626
1749545782.933359,7648910,1958120960,1958.12096,233,201,151,5,20250610_175626
1749545782.943343,7648949,1958130944,1958.130944,237,201,149,5,20250610_175626
1749545782.953327,7648988,1958140928,1958.140928,241,201,148,5,20250610_175626
1749545782.963311,7649027,1958150912,1958.150912,245,201,147,5,20250610_175626
1749545782.973295,7649066,1958160896,1958.160896,249,201,147,5,20250610_175626
1749545782.983279,7649105,1958170880,1958.17088,253,201,147,5,20250610_175626
1749545782.993263,7649144,1958180864,1958.180864,1,201,145,5,20250610_175626
1749545783.003247,7649183,1958190848,1958.190848,5,201,143,5,20250610_175626
1749545783.0132308,7649222,1958200832,1958.200832,9,201,138,5,20250610_175626
1749545783.0234709,7649262,1958211072,1958.211072,13,201,136,5,20250610_175626
1749545783.033455,7649301,1958221056,1958.221056,17,201,130,5,20250610_175626
1749545783.043439,7649340,1958231040,1958.23104,20,201,126,5,20250610_175626
1749545783.053423,7649379,1958241024,1958.241024,24,201,119,5,20250610_175626
1749545783.063407,7649418,1958251008,1958.251008,28,201,114,5,20250610_175626
1749545783.073391,7649457,1958260992,1958.260992,32,201,108,5,20250610_175626
1749545783.083375,7649496,1958270976,1958.270976,36,201,104,5,20250610_175626
1749545783.093359,7649535,1958280960,1958.28096,40,201,99,5,20250610_175626
1749545783.103343,7649574,1958290944,1958.290944,43,201,94,5,20250610_175626
1749545783.113327,7649613,1958300928,1958.300928,47,201,89,5,20250610_175626
1749545783.1233108,7649652,1958310912,1958.310912,51,201,85,5,20250610_175626
1749545783.1332948,7649691,1958320896,1958.320896,55,201,83,5,20250610_175626
1749545783.1432788,7649730,1958330880,1958.33088,59,201,84,5,20250610_175626
1749545783.1532629,7649769,1958340864,1958.340864,63,201,84,5,20250610_175626
1749545783.163503,7649809,1958351104,1958.351104,66,201,84,5,20250610_175626
1749545783.173487,7649848,1958361088,1958.361088,70,201,82,5,20250610_175626
1749545783.183471,7649887,1958371072,1958.371072,74,201,83,5,20250610_175626
1749545783.193455,7649926,1958381056,1958.381056,78,201,85,5,20250610_175626
1749545783.203439,7649965,1958391040,1958.39104,82,201,84,5,20250610_175626
1749545783.213423,7650004,1958401024,1958.401024,85,198,84,5,20250610_175626
1749545783.2234068,7650043,1958411008,1958.411008,89,198,84,5,20250610_175626
1749545783.2333908,7650082,1958420992,1958.420992,93,200,86,5,20250610_175626
1749545783.2433748,7650121,1958430976,1958.430976,97,201,83,5,20250610_175626
1749545783.2533588,7650160,1958440960,1958.44096,101,201,84,5,20250610_175626
1749545783.2633429,7650199,1958450944,1958.450944,105,201,84,5,20250610_175626
1749545783.2733269,7650238,1958460928,1958.460928,108,201,83,5,20250610_175626
1749545783.283311,7650277,1958470912,1958.470912,112,201,84,5,20250610_175626
1749545783.293295,7650316,1958480896,1958.480896,116,201,83,5,20250610_175626
1749545783.303279,7650355,1958490880,1958.49088,120,201,84,5,20250610_175626
1749545783.313519,7650395,1958501120,1958.50112,124,201,84,5,20250610_175626
1749545783.323503,7650434,1958511104,1958.511104,128,201,84,5,20250610_175626
1749545783.3334868,7650473,1958521088,1958.521088,131,201,84,5,20250610_175626
1749545783.3434708,7650512,1958531072,1958.531072,135,201,85,5,20250610_175626
1749545783.3534548,7650551,1958541056,1958.541056,139,201,84,5,20250610_175626
1749545783.3634388,7650590,1958551040,1958.55104,143,201,86,5,20250610_175626
1749545783.3734229,7650629,1958561024,1958.561024,147,201,84,5,20250610_175626
1749545783.3834069,7650668,1958571008,1958.571008,150,201,84,5,20250610_175626
1749545783.393391,7650707,1958580992,1958.580992,154,201,85,5,20250610_175626
1749545783.403375,7650746,1958590976,1958.590976,158,201,85,5,20250610_175626
1749545783.413359,7650785,1958600960,1958.60096,162,201,86,5,20250610_175626
1749545783.423343,7650824,1958610944,1958.610944,166,201,86,5,20250610_175626
1749545783.433327,7650863,1958620928,1958.620928,170,201,87,5,20250610_175626
1749545783.443311,7650902,1958630912,1958.630912,173,201,88,5,20250610_175626
1749545783.4535508,7650942,1958641152,1958.641152,177,201,90,5,20250610_175626
1749545783.4635348,7650981,1958651136,1958.651136,181,201,91,5,20250610_175626
1749545783.4735188,7651020,1958661120,1958.66112,185,201,94,5,20250610_175626
1749545783.4835029,7651059,1958671104,1958.671104,189,201,98,5,20250610_175626
1749545783.493487,7651098,1958681088,1958.681088,193,201,103,5,20250610_175626
1749545783.503471,7651137,1958691072,1958.691072,196,201,109,5,20250610_175626
1749545783.513455,7651176,1958701056,1958.701056,200,201,119,5,20250610_175626
1749545783.523439,7651215,1958711040,1958.71104,204,201,127,5,20250610_175626
1749545783.533423,7651254,1958721024,1958.721024,208,201,137,5,20250610_175626
1749545783.543407,7651293,1958731008,1958.731008,212,199,144,5,20250610_175626
1749545783.553391,7651332,1958740992,1958.740992,215,199,144,5,20250610_175626
1749545783.563375,7651371,1958750976,1958.750976,219,201,144,5,20250610_175626
1749545783.573359,7651410,1958760960,1958.76096,223,201,144,5,20250610_175626
1749545783.583343,7651449,1958770944,1958.770944,227,201,142,5,20250610_175626
1749545783.5935829,7651489,1958781184,1958.781184,231,201,142,5,20250610_175626
1749545783.603567,7651528,1958791168,1958.791168,235,201,141,5,20250610_175626
1749545783.613551,7651567,1958801152,1958.801152,238,201,141,5,20250610_175626
1749545783.623535,7651606,1958811136,1958.811136,242,201,141,5,20250610_175626
1749545783.633519,7651645,1958821120,1958.82112,246,201,140,5,20250610_175626
1749545783.643503,7651684,1958831104,1958.831104,250,201,140,5,20250610_175626
1749545783.653487,7651723,1958841088,1958.841088,254,201,139,5,20250610_175626
1749545783.663471,7651762,1958851072,1958.851072,3,201,136,5,20250610_175626
1749545783.673455,7651801,1958861056,1958.861056,6,201,135,5,20250610_175626
1749545783.683439,7651840,1958871040,1958.87104,10,201,131,5,20250610_175626
1749545783.6934228,7651879,1958881024,1958.881024,14,201,127,5,20250610_175626
1749545783.7034068,7651918,1958891008,1958.891008,18,201,124,5,20250610_175626
1749545783.7133908,7651957,1958900992,1958.900992,22,201,118,5,20250610_175626
1749545783.7233748,7651996,1958910976,1958.910976,25,201,111,5,20250610_175626
1749545783.7333589,7652035,1958920960,1958.92096,29,201,105,5,20250610_175626
1749545783.743599,7652075,1958931200,1958.9312,33,201,100,5,20250610_175626
1749545783.753583,7652114,1958941184,1958.941184,37,201,95,5,20250610_175626
1749545783.763567,7652153,1958951168,1958.951168,41,201,91,5,20250610_175626
1749545783.773551,7652192,1958961152,1958.961152,45,201,86,5,20250610_175626
1749545783.783535,7652231,1958971136,1958.971136,48,201,83,5,20250610_175626
1749545783.793519,7652270,1958981120,1958.98112,52,201,85,5,20250610_175626
1749545783.8035028,7652309,1958991104,1958.991104,56,201,84,5,20250610_175626
1749545783.8134868,7652348,1959001088,1959.001088,60,201,83,5,20250610_175626
1749545783.8234708,7652387,1959011072,1959.011072,64,201,84,5,20250610_175626
1749545783.8334548,7652426,1959021056,1959.021056,68,201,84,5,20250610_175626
1749545783.8434389,7652465,1959031040,1959.03104,71,201,84,5,20250610_175626
1749545783.8534229,7652504,1959041024,1959.041024,75,201,84,5,20250610_175626
1749545783.863407,7652543,1959051008,1959.051008,79,201,84,5,20250610_175626
1749545783.873391,7652582,1959060992,1959.060992,83,199,84,5,20250610_175626
1749545783.883631,7652622,1959071232,1959.071232,87,198,84,5,20250610_175626
1749545783.893615,7652661,1959081216,1959.081216,90,201,84,5,20250610_175626
1749545783.903599,7652700,1959091200,1959.0912,94,201,83,5,20250610_175626
1749545783.9135828,7652739,1959101184,1959.101184,98,201,84,5,20250610_175626
1749545783.9235668,7652778,1959111168,1959.111168,102,201,84,5,20250610_175626
1749545783.9335508,7652817,1959121152,1959.121152,106,201,84,5,20250610_175626
1749545783.9435349,7652856,1959131136,1959.131136,110,201,84,5,20250610_175626
1749545783.9535189,7652895,1959141120,1959.14112,113,201,83,5,20250610_175626
1749545783.963503,7652934,1959151104,1959.151104,117,201,84,5,20250610_175626
1749545783.973487,7652973,1959161088,1959.161088,121,201,84,5,20250610_175626
1749545783.983471,7653012,1959171072,1959.171072,125,201,84,5,20250610_175626
1749545783.993455,7653051,1959181056,1959.181056,129,201,83,5,20250610_175626
1749545784.003439,7653090,1959191040,1959.19104,133,201,84,5,20250610_175626
1749545784.013423,7653129,1959201024,1959.201024,136,201,84,5,20250610_175626
1749545784.023407,7653168,1959211008,1959.211008,140,201,84,5,20250610_175626
1749545784.0336468,7653208,1959221248,1959.221248,144,201,84,5,20250610_175626
1749545784.0436308,7653247,1959231232,1959.231232,148,201,84,5,20250610_175626
1749545784.0536149,7653286,1959241216,1959.241216,152,201,85,5,20250610_175626
1749545784.0635989,7653325,1959251200,1959.2512,155,201,86,5,20250610_175626
1749545784.073583,7653364,1959261184,1959.261184,159,201,87,5,20250610_175626
1749545784.083567,7653403,1959271168,1959.271168,163,201,87,5,20250610_175626
1749545784.093551,7653442,1959281152,1959.281152,167,201,87,5,20250610_175626
1749545784.103535,7653481,1959291136,1959.291136,171,201,90,5,20250610_175626
