filename,session,agent_unique,reason
merged_20250815_134552.csv,S1,7,expected_mismatch
merged_20250815_134921.csv,S1,2,expected_mismatch
merged_20250815_163310.csv,S1,4,expected_mismatch
merged_20250815_163542.csv,S1,4,expected_mismatch
merged_20250815_163735.csv,S1,4,expected_mismatch
merged_20250815_183957.csv,S2,5,expected_mismatch
merged_20250815_184120.csv,S2,5,expected_mismatch
merged_20250815_184233.csv,S2,5,expected_mismatch
merged_20250815_184417.csv,S2,5,expected_mismatch
merged_20250815_184534.csv,S2,5,expected_mismatch
merged_20250815_184803.csv,S2,5,expected_mismatch
merged_20250815_184936.csv,S2,5,expected_mismatch
merged_20250815_185257.csv,S2,3,expected_mismatch
merged_20250815_190404.csv,S2,5,expected_mismatch
merged_20250815_190611.csv,S2,5,expected_mismatch
merged_20250815_190744.csv,S2,5,expected_mismatch
merged_20250815_204530.csv,S3,1,expected_mismatch
merged_20250815_214024.csv,S4,7,expected_mismatch
merged_20250815_214200.csv,S4,7,expected_mismatch
merged_20250815_214314.csv,S4,7,expected_mismatch
merged_20250815_214504.csv,S4,7,expected_mismatch
merged_20250815_214618.csv,S4,7,expected_mismatch
merged_20250815_215112.csv,S5,6,expected_mismatch
merged_20250815_222529.csv,S6,3,expected_mismatch
merged_20250815_222549.csv,S6,1,expected_mismatch
