session,feature,count,mean,var,med
S2,power_a0,27,12.3106386625825,115.509790137733,9.85268462357604
S2,amp_a0,27,1.95068937001882,1.36905231694491,2.0141253272789
S2,power_a1,27,18.888507614423,245.216208219838,17.4905554000348
S2,amp_a1,27,2.46846859258623,1.83946423119533,2.66770263296197
S3,power_a0,28,10.7292752828041,94.9522940610272,10.1010656379809
S3,amp_a0,28,1.79702817333878,1.26525475312323,2.05803922608452
S3,power_a1,28,13.0782400738568,135.387359622697,8.51067712346828
S3,amp_a1,28,2.03537832771667,1.32573332140386,1.86556893772571
S4,power_a0,23,4.81002101298568,48.3237608882056,1.49606011127184
S4,amp_a0,23,1.1176338146479,0.784454908542336,0.796211725523474
S4,power_a1,23,11.8599863777782,85.3341691623755,8.1034348447087
S4,amp_a1,23,2.04490674086254,0.787259594879596,1.82277433693791
S5,power_a0,21,5.00094909465027,16.2193208503769,3.3937189223267
S5,amp_a0,21,1.32705096372058,0.310422429329915,1.19013411616094
S5,power_a1,21,3.80548458502423,15.5673948017977,1.92008053490767
S5,amp_a1,21,1.10522591981989,0.359309328571966,0.889880111998589
S6,power_a0,19,0.318873882795929,0.471616202857987,0.108136685373606
S6,amp_a0,19,0.265929841038174,0.0476265354191272,0.201644897016242
S6,power_a1,19,1.40016675550649,21.6637126133139,0.226301048542432
S6,amp_a1,19,0.457443745447227,0.32392040429442,0.307019996160575
