filename,session,agent_unique
merged_20250818_152812.csv,S2,5
merged_20250818_152931.csv,S2,5
merged_20250818_153033.csv,S2,5
merged_20250818_153131.csv,S2,5
merged_20250818_153239.csv,S2,5
merged_20250818_153339.csv,S2,5
merged_20250818_153436.csv,S2,5
merged_20250818_153539.csv,S2,5
merged_20250818_153642.csv,S2,5
merged_20250818_153754.csv,S2,5
merged_20250818_153936.csv,S2,5
merged_20250818_154110.csv,S2,5
merged_20250818_154211.csv,S2,5
merged_20250818_154411.csv,S2,5
merged_20250818_154509.csv,S2,5
merged_20250818_154616.csv,S2,5
merged_20250818_154824.csv,S2,5
merged_20250818_154938.csv,S2,5
merged_20250818_155038.csv,S2,5
merged_20250818_155242.csv,S2,5
merged_20250818_155346.csv,S2,5
merged_20250818_160451.csv,S3,6
merged_20250818_160609.csv,S3,6
merged_20250818_160707.csv,S3,6
merged_20250818_160805.csv,S3,6
merged_20250818_160907.csv,S3,6
merged_20250818_161026.csv,S3,6
merged_20250818_161205.csv,S3,6
merged_20250818_161318.csv,S3,6
merged_20250818_161421.csv,S3,6
merged_20250818_161536.csv,S3,6
merged_20250818_161700.csv,S3,6
merged_20250818_161846.csv,S3,6
merged_20250818_162007.csv,S3,6
merged_20250818_162121.csv,S3,6
merged_20250818_162235.csv,S3,6
merged_20250818_162342.csv,S3,6
merged_20250818_162451.csv,S3,6
merged_20250818_162600.csv,S3,6
merged_20250818_162715.csv,S3,6
merged_20250818_162857.csv,S3,6
merged_20250818_163043.csv,S3,6
merged_20250818_164220.csv,S4,7
merged_20250818_164335.csv,S4,7
merged_20250818_164502.csv,S4,7
merged_20250818_165308.csv,S4,7
merged_20250818_165417.csv,S4,7
merged_20250818_165551.csv,S4,7
merged_20250818_165702.csv,S4,7
merged_20250818_165817.csv,S4,7
merged_20250818_165927.csv,S4,7
merged_20250818_170043.csv,S4,7
merged_20250818_170215.csv,S4,7
merged_20250818_170331.csv,S4,7
merged_20250818_170458.csv,S4,7
merged_20250818_170616.csv,S4,7
merged_20250818_170738.csv,S4,7
merged_20250818_170858.csv,S4,7
merged_20250818_171015.csv,S4,7
merged_20250818_171151.csv,S4,7
merged_20250818_171302.csv,S4,7
merged_20250818_171413.csv,S4,7
merged_20250818_171610.csv,S4,7
